pattern_id,point_index,x,z
pat_11,0,-6.468,1.1060090267575309
pat_11,1,-6.248745762711865,0.8261135076768138
pat_11,2,-6.029491525423729,0.5470105064337619
pat_11,3,-5.8102372881355935,0.268908931531834
pat_11,4,-5.590983050847457,-0.008556285443071895
pat_11,5,-5.371728813559322,-0.2860432381365256
pat_11,6,-5.152474576271186,-0.5642005844120743
pat_11,7,-4.933220338983051,-0.8433657768313829
pat_11,8,-4.713966101694915,-1.123286141920727
pat_11,9,-4.49471186440678,-1.4028835266962496
pat_11,10,-4.275457627118644,-1.680080484449715
pat_11,11,-4.056203389830508,-1.9517020850108207
pat_11,12,-3.8369491525423736,-2.213462644520734
pat_11,13,-3.617694915254238,-2.4600412683582467
pat_11,14,-3.3984406779661023,-2.685244418043902
pat_11,15,-3.1791864406779666,-2.8822480961638064
pat_11,16,-2.959932203389831,-3.0439070367116177
pat_11,17,-2.7406779661016953,-3.1631138116835333
pat_11,18,-2.52142372881356,-3.2331872946741282
pat_11,19,-2.302169491525424,-3.2482676747092727
pat_11,20,-2.082915254237289,-3.203694331288183
pat_11,21,-1.8636610169491525,-3.0963434251291893
pat_11,22,-1.6444067796610173,-2.924904003068397
pat_11,23,-1.4251525423728812,-2.690074650116418
pat_11,24,-1.205898305084746,-2.39466705903515
pat_11,25,-0.98664406779661,-2.043608073394339
pat_11,26,-0.7673898305084748,-1.6438374878238156
pat_11,27,-0.5481355932203387,-1.2041048198341946
pat_11,28,-0.3288813559322035,-0.7346740490593194
pat_11,29,-0.10962711864406742,-0.24695060831624688
pat_11,30,0.10962711864406778,0.24695060831624907
pat_11,31,0.32888135593220386,0.7346740490593215
pat_11,32,0.5481355932203391,1.2041048198341964
pat_11,33,0.7673898305084743,1.6438374878238156
pat_11,34,0.9866440677966104,2.0436080733943403
pat_11,35,1.2058983050847456,2.39466705903515
pat_11,36,1.4251525423728808,2.690074650116418
pat_11,37,1.644406779661017,2.924904003068397
pat_11,38,1.863661016949153,3.0963434251291897
pat_11,39,2.082915254237289,3.2036943312881836
pat_11,40,2.302169491525423,3.2482676747092727
pat_11,41,2.5214237288135593,3.2331872946741282
pat_11,42,2.7406779661016953,3.163113811683533
pat_11,43,2.9599322033898314,3.0439070367116168
pat_11,44,3.1791864406779657,2.8822480961638064
pat_11,45,3.398440677966102,2.6852444180439012
pat_11,46,3.617694915254238,2.4600412683582453
pat_11,47,3.836949152542374,2.213462644520732
pat_11,48,4.056203389830508,1.9517020850108207
pat_11,49,4.275457627118644,1.680080484449715
pat_11,50,4.4947118644067805,1.4028835266962487
pat_11,51,4.713966101694915,1.123286141920727
pat_11,52,4.933220338983051,0.8433657768313831
pat_11,53,5.152474576271187,0.5642005844120728
pat_11,54,5.371728813559323,0.2860432381365248
pat_11,55,5.590983050847457,0.008556285443072069
pat_11,56,5.8102372881355935,-0.2689089315318338
pat_11,57,6.02949152542373,-0.5470105064337626
pat_11,58,6.248745762711866,-0.8261135076768148
pat_11,59,6.468,-1.1060090267575309
pat_12,0,-6.468,-4.850347032532031
pat_12,1,-6.248745762711865,-4.840673941871106
pat_12,2,-6.029491525423729,-4.829130095272977
pat_12,3,-5.8102372881355935,-4.815359529969412
pat_12,4,-5.590983050847457,-4.7989410318093055
pat_12,5,-5.371728813559322,-4.7793772271105635
pat_12,6,-5.152474576271186,-4.756082302465999
pat_12,7,-4.933220338983051,-4.728368383438097
pat_12,8,-4.713966101694915,-4.695430718268614
pat_12,9,-4.49471186440678,-4.656331984551467
pat_12,10,-4.275457627118644,-4.6099862830634315
pat_12,11,-4.056203389830508,-4.55514372326255
pat_12,12,-3.8369491525423736,-4.490376958328878
pat_12,13,-3.617694915254238,-4.414071607418025
pat_12,14,-3.3984406779661023,-4.324423208321593
pat_12,15,-3.1791864406779666,-4.2194441470056425
pat_12,16,-2.959932203389831,-4.096984837790294
pat_12,17,-2.7406779661016953,-3.9547741369447147
pat_12,18,-2.52142372881356,-3.790484329620372
pat_12,19,-2.302169491525424,-3.6018256977590717
pat_12,20,-2.082915254237289,-3.3866742280817324
pat_12,21,-1.8636610169491525,-3.143233004923381
pat_12,22,-1.6444067796610173,-2.870222922850481
pat_12,23,-1.4251525423728812,-2.5670915657595357
pat_12,24,-1.205898305084746,-2.2342210725555245
pat_12,25,-0.98664406779661,-1.873108028355601
pat_12,26,-0.7673898305084748,-1.4864832011488651
pat_12,27,-0.5481355932203387,-1.0783390042026184
pat_12,28,-0.3288813559322035,-0.6538400985739137
pat_12,29,-0.10962711864406742,-0.2191080253282362
pat_12,30,0.10962711864406778,0.2191080253282382
pat_12,31,0.32888135593220386,0.653840098573914
pat_12,32,0.5481355932203391,1.0783390042026193
pat_12,33,0.7673898305084743,1.4864832011488645
pat_12,34,0.9866440677966104,1.8731080283556012
pat_12,35,1.2058983050847456,2.234221072555525
pat_12,36,1.4251525423728808,2.5670915657595343
pat_12,37,1.644406779661017,2.8702229228504805
pat_12,38,1.863661016949153,3.143233004923381
pat_12,39,2.082915254237289,3.3866742280817324
pat_12,40,2.302169491525423,3.6018256977590712
pat_12,41,2.5214237288135593,3.7904843296203707
pat_12,42,2.7406779661016953,3.9547741369447156
pat_12,43,2.9599322033898314,4.096984837790294
pat_12,44,3.1791864406779657,4.2194441470056425
pat_12,45,3.398440677966102,4.324423208321593
pat_12,46,3.617694915254238,4.414071607418026
pat_12,47,3.836949152542374,4.490376958328878
pat_12,48,4.056203389830508,4.55514372326255
pat_12,49,4.275457627118644,4.6099862830634315
pat_12,50,4.4947118644067805,4.656331984551468
pat_12,51,4.713966101694915,4.695430718268614
pat_12,52,4.933220338983051,4.728368383438097
pat_12,53,5.152474576271187,4.756082302465999
pat_12,54,5.371728813559323,4.7793772271105635
pat_12,55,5.590983050847457,4.798941031809306
pat_12,56,5.8102372881355935,4.815359529969412
pat_12,57,6.02949152542373,4.829130095272978
pat_12,58,6.248745762711866,4.840673941871106
pat_12,59,6.468,4.850347032532031
pat_13,0,-1.9479580773400798,-6.468
pat_13,1,-1.8819256001421112,-5.757026986357675
pat_13,2,-1.8158931229441422,-5.096921432338197
pat_13,3,-1.7498606457461734,-4.485898514796905
pat_13,4,-1.6838281685482046,-3.9221734105891364
pat_13,5,-1.6177956913502358,-3.4039612965702335
pat_13,6,-1.5517632141522668,-2.9294773495955293
pat_13,7,-1.4857307369542982,-2.4969367465203693
pat_13,8,-1.4196982597563292,-2.1045546642000863
pat_13,9,-1.3536657825583607,-1.7505462794900228
pat_13,10,-1.2876333053603919,-1.4331267692455156
pat_13,11,-1.2216008281624229,-1.150511310321903
pat_13,12,-1.1555683509644543,-0.9009150795745252
pat_13,13,-1.0895358737664855,-0.68255325385872
pat_13,14,-1.0235033965685165,-0.4936410100298267
pat_13,15,-0.9574709193705478,-0.33239352494318364
pat_13,16,-0.891438442172579,-0.1970259754541295
pat_13,17,-0.8254059649746102,-0.08575353841800279
pat_13,18,-0.7593734877766415,0.00320860930985737
pat_13,19,-0.6933410105786725,0.07164529087411274
pat_13,20,-0.6273085333807038,0.12134132941942417
pat_13,21,-0.5612760561827348,0.1540815480904534
pat_13,22,-0.4952435789847661,0.17165077003186138
pat_13,23,-0.42921110178679717,0.17583381838830967
pat_13,24,-0.3631786245888285,0.16841551630445942
pat_13,25,-0.29714614739085954,0.151180686924972
pat_13,26,-0.23111367019289086,0.12591415339450873
pat_13,27,-0.1650811929949219,0.09440073885773081
pat_13,28,-0.09904871579695325,0.058425266459299754
pat_13,29,-0.03301623859898429,0.019772559343876596
pat_13,30,0.0330162385989844,-0.019772559343877064
pat_13,31,0.09904871579695335,-0.05842526645930021
pat_13,32,0.16508119299492205,-0.09440073885773127
pat_13,33,0.23111367019289072,-0.12591415339450907
pat_13,34,0.2971461473908597,-0.15118068692497239
pat_13,35,0.3631786245888284,-0.16841551630445975
pat_13,36,0.42921110178679706,-0.17583381838831
pat_13,37,0.495243578984766,-0.17165077003186172
pat_13,38,0.5612760561827349,-0.15408154809045363
pat_13,39,0.6273085333807038,-0.12134132941942437
pat_13,40,0.6933410105786723,-0.07164529087411306
pat_13,41,0.7593734877766413,-0.0032086093098576845
pat_13,42,0.8254059649746102,0.08575353841800279
pat_13,43,0.8914384421725791,0.19702597545412984
pat_13,44,0.9574709193705475,0.33239352494318336
pat_13,45,1.0235033965685165,0.49364101002982685
pat_13,46,1.0895358737664855,0.6825532538587207
pat_13,47,1.1555683509644543,0.9009150795745262
pat_13,48,1.2216008281624229,1.1505113103219027
pat_13,49,1.2876333053603919,1.4331267692455152
pat_13,50,1.353665782558361,1.750546279490023
pat_13,51,1.4196982597563292,2.104554664200085
pat_13,52,1.4857307369542982,2.4969367465203693
pat_13,53,1.5517632141522673,2.9294773495955315
pat_13,54,1.617795691350236,3.4039612965702353
pat_13,55,1.6838281685482046,3.9221734105891364
pat_13,56,1.7498606457461734,4.485898514796905
pat_13,57,1.8158931229441424,5.096921432338199
pat_13,58,1.8819256001421114,5.757026986357679
pat_13,59,1.9479580773400798,6.468
pat_14,0,-6.468,3.1928679815275385
pat_14,1,-6.248745762711865,2.9421740338490454
pat_14,2,-6.029491525423729,2.6950921511166217
pat_14,3,-5.8102372881355935,2.4493963853455276
pat_14,4,-5.590983050847457,2.2032408465473368
pat_14,5,-5.371728813559322,1.9552342903641629
pat_14,6,-5.152474576271186,1.7044963346503001
pat_14,7,-4.933220338983051,1.450693033434856
pat_14,8,-4.713966101694915,1.194050370813619
pat_14,9,-4.49471186440678,0.9353451295169789
pat_14,10,-4.275457627118644,0.6758735031313838
pat_14,11,-4.056203389830508,0.41739872027321423
pat_14,12,-3.8369491525423736,0.1620797970865537
pat_14,13,-3.617694915254238,-0.08761570300808398
pat_14,14,-3.3984406779661023,-0.32901137716143214
pat_14,15,-3.1791864406779666,-0.5593301296036448
pat_14,16,-2.959932203389831,-0.7758063868926273
pat_14,17,-2.7406779661016953,-0.9757978475749459
pat_14,18,-2.52142372881356,-1.156892250744904
pat_14,19,-2.302169491525424,-1.3170048492608117
pat_14,20,-2.082915254237289,-1.4544626489782018
pat_14,21,-1.8636610169491525,-1.5680720101107253
pat_14,22,-1.6444067796610173,-1.657166879122798
pat_14,23,-1.4251525423728812,-1.7216357022281266
pat_14,24,-1.205898305084746,-1.7619259329893229
pat_14,25,-0.98664406779661,-1.7790259518781935
pat_14,26,-0.7673898305084748,-1.7744251283804378
pat_14,27,-0.5481355932203387,-1.7500536394316897
pat_14,28,-0.3288813559322035,-1.7082044759660453
pat_14,29,-0.10962711864406742,-1.6514407890904765
pat_14,30,0.10962711864406778,-1.582492319786283
pat_14,31,0.32888135593220386,-1.5041450971451298
pat_14,32,0.5481355932203391,-1.4191288621483162
pat_14,33,0.7673898305084743,-1.3300067659028147
pat_14,34,0.9866440677966104,-1.2390717993427205
pat_14,35,1.2058983050847456,-1.1482541394036676
pat_14,36,1.4251525423728808,-1.059043155571357
pat_14,37,1.644406779661017,-0.9724272283175931
pat_14,38,1.863661016949153,-0.8888538112049891
pat_14,39,2.082915254237289,-0.8082113504472505
pat_14,40,2.302169491525423,-0.729833792508795
pat_14,41,2.5214237288135593,-0.6525274976032721
pat_14,42,2.7406779661016953,-0.5746194715862146
pat_14,43,2.9599322033898314,-0.49402496731593326
pat_14,44,3.1791864406779657,-0.40833172388673217
pat_14,45,3.398440677966102,-0.31489743984517554
pat_14,46,3.617694915254238,-0.21095654174916972
pat_14,47,3.836949152542374,-0.09373193382886875
pat_14,48,4.056203389830508,0.039452786764993156
pat_14,49,4.275457627118644,0.19106518345293153
pat_14,50,4.4947118644067805,0.36326427237902864
pat_14,51,4.713966101694915,0.5578132821596635
pat_14,52,4.933220338983051,0.7760084063812894
pat_14,53,5.152474576271187,1.0186264277742907
pat_14,54,5.371728813559323,1.2858933304344595
pat_14,55,5.590983050847457,1.5774751683908976
pat_14,56,5.8102372881355935,1.8924915594979093
pat_14,57,6.02949152542373,2.2295512593975997
pat_14,58,6.248745762711866,2.5868083781015465
pat_14,59,6.468,2.962036967625004
pat_15,0,-6.468,0.3175984775702686
pat_15,1,-6.248745762711865,1.0231391713932705
pat_15,2,-6.029491525423729,1.6520912106534678
pat_15,3,-5.8102372881355935,2.179583092628006
pat_15,4,-5.590983050847457,2.5849631802724558
pat_15,5,-5.371728813559322,2.8526311960099844
pat_15,6,-5.152474576271186,2.9726650756670243
pat_15,7,-4.933220338983051,2.941217868830449
pat_15,8,-4.713966101694915,2.760668666034211
pat_15,9,-4.49471186440678,2.4395214745447205
pat_15,10,-4.275457627118644,1.9920561513896755
pat_15,11,-4.056203389830508,1.4377455230294829
pat_15,12,-3.8369491525423736,0.8004622707820639
pat_15,13,-3.617694915254238,0.10750765793373131
pat_15,14,-3.3984406779661023,-0.6114986249418303
pat_15,15,-3.1791864406779666,-1.3258226065422647
pat_15,16,-2.959932203389831,-2.004865483993242
pat_15,17,-2.7406779661016953,-2.6194078535136813
pat_15,18,-2.52142372881356,-3.142798411269991
pat_15,19,-2.302169491525424,-3.5520390559784216
pat_15,20,-2.082915254237289,-3.8287225101771014
pat_15,21,-1.8636610169491525,-3.9597845358194204
pat_15,22,-1.6444067796610173,-3.938040311164172
pat_15,23,-1.4251525423728812,-3.7624832571521294
pat_15,24,-1.205898305084746,-3.4383342001631387
pat_15,25,-0.98664406779661,-2.9768388463839064
pat_15,26,-0.7673898305084748,-2.3948217133406295
pat_15,27,-0.5481355932203387,-1.7140145055049403
pat_15,28,-0.3288813559322035,-0.960186035600643
pat_15,29,-0.10962711864406742,-0.1621088130176535
pat_15,30,0.10962711864406778,0.649595978483339
pat_15,31,0.32888135593220386,1.4436884765415767
pat_15,32,0.5481355932203391,2.1895654414933206
pat_15,33,0.7673898305084743,2.858490171336305
pat_15,34,0.9866440677966104,3.424747362776501
pat_15,35,1.2058983050847456,3.866676281849331
pat_15,36,1.4251525423728808,4.167540523017055
pat_15,37,1.644406779661017,4.316199236775015
pat_15,38,1.863661016949153,4.307552725926137
pat_15,39,2.082915254237289,4.142744425741629
pat_15,40,2.302169491525423,3.8291111249100447
pat_15,41,2.5214237288135593,3.379883454819892
pat_15,42,2.7406779661016953,2.813648763363428
pat_15,43,2.9599322033898314,2.15359808844625
pat_15,44,3.1791864406779657,1.4265876678789355
pat_15,45,3.398440677966102,0.6620529139115756
pat_15,46,3.617694915254238,-0.10918126035439378
pat_15,47,3.836949152542374,-0.8561456898558625
pat_15,48,4.056203389830508,-1.5489774658543247
pat_15,49,4.275457627118644,-2.1601251777598556
pat_15,50,4.4947118644067805,-2.6654601942808016
pat_15,51,4.713966101694915,-3.045249088912331
pat_15,52,4.933220338983051,-3.284947928051347
pat_15,53,5.152474576271187,-3.3757863405203525
pat_15,54,5.371728813559323,-3.315117784034298
pat_15,55,5.590983050847457,-3.1065218738096725
pat_15,56,5.8102372881355935,-2.759654659247455
pat_15,57,6.02949152542373,-2.2898529214993575
pat_15,58,6.248745762711866,-1.71750850611493
pat_15,59,6.468,-1.0672379991510077
pat_16,0,2.6858818930193276,-0.9008739373942112
pat_16,1,2.7322758547454913,-0.8728293581469568
pat_16,2,2.783004138471422,-0.8359390935546774
pat_16,3,2.83684790368763,-0.7892983388101825
pat_16,4,2.892469033433117,-0.7321496727835619
pat_16,5,2.9484267142649787,-0.6638965007813545
pat_16,6,3.0031954126090374,-0.5841147169803979
pat_16,7,3.055184062508085,-0.49256244873200394
pat_16,8,3.1027562666675066,-0.3891877636837903
pat_16,9,3.14425130144553,-0.2741342406326047
pat_16,10,3.178005707157184,-0.1477443260201129
pat_16,11,3.2023752378494095,-0.01056041982049283
pat_16,12,3.2157569396336165,0.13667634295298894
pat_16,13,3.216611123785838,0.2930296259855664
pat_16,14,3.203483000178604,0.45737372837389156
pat_16,15,3.1750237382075146,0.6284016889056032
pat_16,16,3.1300107262139685,0.8046355995636097
pat_16,17,3.0673668064581503,0.984439047399869
pat_16,18,2.986178270917297,1.1660315820405047
pat_16,19,2.8857114135083517,1.3475050850369827
pat_16,20,2.7654274466766666,1.5268418972655542
pat_16,21,2.624995604550356,1.7019345417894618
pat_16,22,2.4643042709123817,1.8706068622157042
pat_16,23,2.2834699879522002,2.030636380768446
pat_16,24,2.082844220972508,2.179777666219672
pat_16,25,1.8630177747774195,2.3157864896041276
pat_16,26,1.624822779175855,2.4364445354244313
pat_16,27,1.3693321837069794,2.5395844279299267
pat_16,28,1.097856725131954,2.623114826118326
pat_16,29,0.8119393552291979,2.6850453374316903
pat_16,30,0.5133471407636591,2.7235109987477992
pat_16,31,0.20406067195489055,2.7367960742336854
pat_16,32,-0.11373895987772299,2.7233569229389674
pat_16,33,-0.43768553078379663,2.681843694650442
pat_16,34,-0.7652452905690943,2.61112062047325
pat_16,35,-1.093736676179589,2.510284674794281
pat_16,36,-1.42035197940807,2.3786823976464007
pat_16,37,-1.7421807956737847,2.2159246809338637
pat_16,38,-2.0562350614237497,2.0218993383872954
pat_16,39,-2.35947547006071,1.7967812973598947
pat_16,40,-2.648839040389594,1.5410402705070088
pat_16,41,-2.9212675975502393,1.2554457868449314
pat_16,42,-3.1737369144115317,0.9410694844831284
pat_16,43,-3.4032862515675135,0.5992845912750508
pat_16,44,-3.6070480265066505,0.2317625445332935
pat_16,45,-3.782277337310891,-0.15953327340872153
pat_16,46,-3.9263810634497123,-0.5723566808551259
pat_16,47,-4.0369462659143265,-1.0041906942541317
pat_16,48,-4.111767611115754,-1.4522623216875372
pat_16,49,-4.148873547652453,-1.913560070163745
pat_16,50,-4.146550972222265,-2.384854058634235
pat_16,51,-4.1033681305713285,-2.862718603400053
pat_16,52,-4.018195511378917,-3.3435571181969594
pat_16,53,-3.8902245052909663,-3.8236291479701996
pat_16,54,-3.71898361783416,-4.299079333387128
pat_16,55,-3.504352043544562,-4.7659680826956246
pat_16,56,-3.246570429189208,-5.220303708812261
pat_16,57,-2.9462486762862006,-5.658075772699318
pat_16,58,-2.604370657062805,-6.075289359330257
pat_16,59,-2.222295743340539,-6.468
pat_17,0,1.1055425242708892,0.08787351582473071
pat_17,1,1.1147064034221437,0.15914860286716181
pat_17,2,1.1176250808836388,0.23205658061997292
pat_17,3,1.1140815382790334,0.30605974448204143
pat_17,4,1.1039041774970775,0.38059489552268577
pat_17,5,1.086969612362088,0.4550770951146561
pat_17,6,1.0632051577678414,0.5289037112965744
pat_17,7,1.0325909868180805,0.6014587332523881
pat_17,8,0.9951619282831126,0.6721173274005063
pat_17,9,0.951008878726441,0.7402506058145929
pat_17,10,0.9002798059700863,0.8052305750777109
pat_17,11,0.8431803231419341,0.8664352312274393
pat_17,12,0.7799738153703943,0.9232537642069123
pat_17,13,0.7109811042456966,0.9750918332197741
pat_17,14,0.6365796384359146,1.0213768726190888
pat_17,15,0.5572022023095007,1.0615633864632654
pat_17,16,0.47333513805286864,1.0951381886665208
pat_17,17,0.38551608055737707,1.121625544776068
pat_17,18,0.2943312082590132,1.1405921708399258
pat_17,19,0.20041201711844048,1.1516520446027052
pat_17,20,0.10443162899947225,1.154470984394349
pat_17,21,0.007100649809717197,1.1487709515685423
pat_17,22,-0.09083740312399324,1.134334033210674
pat_17,23,-0.18861108089371859,1.1110060630743506
pat_17,24,-0.28542636249502595,1.0786998403221908
pat_17,25,-0.3804723624737295,1.0373979076396498
pat_17,26,-0.4729273514657407,0.9871548526554422
pat_17,27,-0.5619650507437224,0.9280990993312626
pat_17,28,-0.646761158468644,0.8604341590661516
pat_17,29,-0.7265000621642794,0.7844393146831414
pat_17,30,-0.8003816890210964,0.7004697142106079
pat_17,31,-0.8676284430246839,0.608955855417867
pat_17,32,-0.9274921756232228,0.5104024463906668
pat_17,33,-0.9792611347271798,0.40538663201107217
pat_17,34,-1.0222668352989832,0.2945555810087578
pat_17,35,-1.055890793665363,0.17862343324498375
pat_17,36,-1.0795710669919645,0.058367612042299864
pat_17,37,-1.0928085391178821,-0.06537548835448068
pat_17,38,-1.095172894172737,-0.19171542474605466
pat_17,39,-1.086308220103528,-0.31971321553938314
pat_17,40,-1.0659381854319194,-0.4483874136709264
pat_17,41,-1.0338707342503382,-0.5767207103115775
pat_17,42,-0.9900022466489811,-0.7036670325113534
pat_17,43,-0.9343211144433325,-0.8281590928150405
pat_17,44,-0.8669106852367161,-0.9491163439328972
pat_17,45,-0.787951531494322,-1.065453286828806
pat_17,46,-0.6977230054095063,-1.1760880761368888
pat_17,47,-0.5966040448910765,-1.2799513626808945
pat_17,48,-0.48507320096886153,-1.3759953090918375
pat_17,49,-0.36370786227704743,-1.46320271113984
pat_17,50,-0.23318265799943505,-1.5405961544556799
pat_17,51,-0.09426702671301945,-1.6072471338534302
pat_17,52,0.05217805509260487,-1.6622850605124548
pat_17,53,0.20520418445475322,-1.704906080866489
pat_17,54,0.363780476181939,-1.7343816302077404
pat_17,55,0.5267993258073287,-1.7500666437694397
pat_17,56,0.6930829701129878,-1.7514073484213388
pat_17,57,0.8613908169961586,-1.7379485591154729
pat_17,58,1.0304275093665596,-1.7093404058655535
pat_17,59,1.198851680746959,-1.665344419339149
pat_18,0,-5.917621594837774,-4.944350103276751
pat_18,1,-6.08504451483358,-4.6652978337375135
pat_18,2,-6.21022292522466,-4.364913132318011
pat_18,3,-6.292147744928065,-4.049970395949182
pat_18,4,-6.330887873791963,-3.7268608082076082
pat_18,5,-6.327428223706924,-3.4014554700580777
pat_18,6,-6.283502739046694,-3.0790098853894623
pat_18,7,-6.201430126207387,-2.764105630898275
pat_18,8,-6.083958256744342,-2.4606242259328663
pat_18,9,-5.934121556844384,-2.171747839500865
pat_18,10,-5.755114213007823,-1.8999814432567743
pat_18,11,-5.550180748428976,-1.6471912567964773
pat_18,12,-5.3225244732353705,-1.41465475721008
pat_18,13,-5.075233483989109,-1.2031180702914113
pat_18,14,-4.811223270792187,-1.012857168888531
pat_18,15,-4.533194562856834,-0.8437399289668734
pat_18,16,-4.243604779653105,-0.6952867015215309
pat_18,17,-3.944651326944146,-0.5667276240967416
pat_18,18,-3.6382649575616437,-0.45705540367821307
pat_18,19,-3.326111479731933,-0.36507274469437423
pat_18,20,-3.00960021784219,-0.28943396911012886
pat_18,21,-2.6898977915919127,-0.2286806817537439
pat_18,22,-2.367945962688544,-0.18127157776835823
pat_18,23,-2.0444824900462595,-0.14560667707993513
pat_18,24,-1.7200641242580366,-0.1200464107624688
pat_18,25,-1.3950910519948945,-0.10292608428264316
pat_18,26,-1.0698322652292598,-0.09256631079726763
pat_18,27,-0.7444514748673274,-0.08728005140469808
pat_18,28,-0.41903331098361907,-0.08537692516693429
pat_18,29,-0.09360965087309037,-0.08516546550559134
pat_18,30,0.23181400923743833,-0.08495400584424839
pat_18,31,0.5572321731211458,-0.08305087960648372
pat_18,32,0.8826129634830782,-0.07776462021391417
pat_18,33,1.2078717502487128,-0.06740484672853952
pat_18,34,1.532844822511855,-0.050284520248712994
pat_18,35,1.8572631883000783,-0.024724253931247553
pat_18,36,2.180726660942363,0.010940646757176431
pat_18,37,2.5026784898457315,0.0583497507425621
pat_18,38,2.8223809160960087,0.11910303809894618
pat_18,39,3.138892177985751,0.19474181368319154
pat_18,40,3.451045655815461,0.28672447266703127
pat_18,41,3.7574320251979643,0.3963966930855589
pat_18,42,4.0563854779069235,0.5249557705103483
pat_18,43,4.345975261110652,0.6734089979556899
pat_18,44,4.624003969046004,0.8425262378773475
pat_18,45,4.888014182242928,1.0327871392802281
pat_18,46,5.135305171489188,1.2443238261988965
pat_18,47,5.362961446682794,1.4768603257852932
pat_18,48,5.567894911261639,1.7296505122455903
pat_18,49,5.746902255098201,2.0014169084896807
pat_18,50,5.89673895499816,2.290293294921682
pat_18,51,6.014210824461205,2.593774699887091
pat_18,52,6.096283437300512,2.908678954378278
pat_18,53,6.140208921960742,3.2311245390468937
pat_18,54,6.1436685720457795,3.5565298771964233
pat_18,55,6.1049284431818815,3.8796394649379984
pat_18,56,6.023003623478479,4.194582201306828
pat_18,57,5.897825213087398,4.494966902726329
pat_18,58,5.730402293091593,4.774019172265566
pat_18,59,5.522969401512359,5.024762464829891
pat_19,0,-6.468,-2.147090023874289
pat_19,1,-6.248745762711865,-1.4202152497650786
pat_19,2,-6.029491525423729,-0.7108128781015863
pat_19,3,-5.8102372881355935,-0.06240935827944161
pat_19,4,-5.590983050847457,0.4854845865728402
pat_19,5,-5.371728813559322,0.8999750618098453
pat_19,6,-5.152474576271186,1.1569504990248587
pat_19,7,-4.933220338983051,1.242668988526915
pat_19,8,-4.713966101694915,1.1546629479704713
pat_19,9,-4.49471186440678,0.9019015702530564
pat_19,10,-4.275457627118644,0.5042003562781723
pat_19,11,-4.056203389830508,-0.009083395294851724
pat_19,12,-3.8369491525423736,-0.6009832617291045
pat_19,13,-3.617694915254238,-1.2293572999633493
pat_19,14,-3.3984406779661023,-1.8496623694490801
pat_19,15,-3.1791864406779666,-2.417886532582988
pat_19,16,-2.959932203389831,-2.8934464845530052
pat_19,17,-2.7406779661016953,-3.241859266628305
pat_19,18,-2.52142372881356,-3.4370123764804466
pat_19,19,-2.302169491525424,-3.462882827777682
pat_19,20,-2.082915254237289,-3.314591988516297
pat_19,21,-1.8636610169491525,-2.998726755109845
pat_19,22,-1.6444067796610173,-2.5329059184411733
pat_19,23,-1.4251525423728812,-1.944620269221653
pat_19,24,-1.205898305084746,-1.269422801789625
pat_19,25,-0.98664406779661,-0.5485881603306164
pat_19,26,-0.7673898305084748,0.17360458723128813
pat_19,27,-0.5481355932203387,0.8527869650211058
pat_19,28,-0.3288813559322035,1.447421990977869
pat_19,29,-0.10962711864406742,1.9215386734047086
pat_19,30,0.10962711864406778,2.247100082692328
pat_19,31,0.32888135593220386,2.405849101382861
pat_19,32,0.5481355932203391,2.390510341647389
pat_19,33,0.7673898305084743,2.205269104563472
pat_19,34,0.9866440677966104,1.8654958499540801
pat_19,35,1.2058983050847456,1.3967343157146723
pat_19,36,1.4251525423728808,0.8330199015838753
pat_19,37,1.644406779661017,0.21463902289168638
pat_19,38,1.863661016949153,-0.41452305765949243
pat_19,39,2.082915254237289,-1.0098713204752992
pat_19,40,2.302169491525423,-1.5290368048456242
pat_19,41,2.5214237288135593,-1.934665876993076
pat_19,42,2.7406779661016953,-2.1968793250198826
pat_19,43,2.9599322033898314,-2.2952393916050196
pat_19,44,3.1791864406779657,-2.220095249147376
pat_19,45,3.398440677966102,-1.9732183409357476
pat_19,46,3.617694915254238,-1.5676857620464963
pat_19,47,3.836949152542374,-1.0270193573329356
pat_19,48,4.056203389830508,-0.38363721211119334
pat_19,49,4.275457627118644,0.3232805217267381
pat_19,50,4.4947118644067805,1.050370965493188
pat_19,51,4.713966101694915,1.7529432141738792
pat_19,52,4.933220338983051,2.387920464611471
pat_19,53,5.152474576271187,2.9166758828164756
pat_19,54,5.371728813559323,3.3075755172711223
pat_19,55,5.590983050847457,3.538060851079217
pat_19,56,5.8102372881355935,3.596133892686915
pat_19,57,6.02949152542373,3.481147037468312
pat_19,58,6.248745762711866,3.203845701362452
pat_19,59,6.468,2.7856609198693016
pat_20,0,-5.9602880658436215,-2.9454526748971195
pat_20,1,-5.846570644718793,-2.5025171467764067
pat_20,2,-5.698696844993141,-1.8525857338820302
pat_20,3,-5.523251028806584,-1.063971193415638
pat_20,4,-5.326817558299039,-0.20498628257887536
pat_20,5,-5.115980795610425,0.6560562414266118
pat_20,6,-4.897325102880659,1.450843621399177
pat_20,7,-4.6774348422496566,2.1110631001371747
pat_20,8,-4.462894375857339,2.568401920438957
pat_20,9,-4.260288065843621,2.7545473251028803
pat_20,10,-4.064677640603566,2.5970713305898485
pat_20,11,-3.8670096021947877,2.128072702331961
pat_20,12,-3.6676954732510287,1.4360288065843623
pat_20,13,-3.467146776406036,0.6094170096021947
pat_20,14,-3.2657750342935525,-0.26328532235939633
pat_20,15,-3.063991769547325,-1.0936008230452672
pat_20,16,-2.862208504801097,-1.7930521262002739
pat_20,17,-2.6608367626886142,-2.2731618655692736
pat_20,18,-2.4602880658436215,-2.4454526748971195
pat_20,19,-2.261385459533608,-2.2498422496570645
pat_20,20,-2.0641289437585737,-1.744766803840878
pat_20,21,-1.8676954732510294,-1.0195267489711934
pat_20,22,-1.6712620027434841,-0.16342249657064462
pat_20,23,-1.47400548696845,0.7342455418381353
pat_20,24,-1.2751028806584368,1.58417695473251
pat_20,25,-1.0737311385459538,2.29707133058985
pat_20,26,-0.8690672153635123,2.783628257887518
pat_20,27,-0.6602880658436215,2.9545473251028804
pat_20,28,-0.4462962962962965,2.746454046639232
pat_20,29,-0.2273662551440332,2.216961591220851
pat_20,30,-0.004732510288065983,1.4582510288065842
pat_20,31,0.2203703703703701,0.5625034293552813
pat_20,32,0.4467078189300411,-0.3781001371742119
pat_20,33,0.6730452674897117,-1.2713786008230443
pat_20,34,0.8981481481481479,-2.025150891632373
pat_20,35,1.120781893004115,-2.5472359396433455
pat_20,36,1.3397119341563783,-2.7454526748971197
pat_20,37,1.5546639231824417,-2.559993141289438
pat_20,38,1.766735253772291,-2.053134430727024
pat_20,39,1.9767489711934156,-1.31582304526749
pat_20,40,2.1855281207133057,-0.43900548696845015
pat_20,41,2.3938957475994513,0.48637174211248285
pat_20,42,2.602674897119342,1.3693621399176947
pat_20,43,2.8126886145404666,2.119019204389574
pat_20,44,3.0247599451303153,2.6443964334705083
pat_20,45,3.2397119341563787,2.8545473251028803
pat_20,46,3.4586419753086424,2.6970713305898486
pat_20,47,3.681275720164609,2.2367146776406033
pat_20,48,3.906378600823045,1.5582510288065843
pat_20,49,4.132716049382716,0.746454046639232
pat_20,50,4.359053497942387,-0.1139026063100142
pat_20,51,4.584156378600823,-0.9380452674897117
pat_20,52,4.806790123456791,-1.6412002743484229
pat_20,53,5.025720164609054,-2.138593964334706
pat_20,54,5.239711934156379,-2.34545267489712
pat_20,55,5.458367626886146,-2.239279835390947
pat_20,56,5.687722908093279,-1.8936008230452681
pat_20,57,5.921193415637861,-1.3676748971193418
pat_20,58,6.1521947873799725,-0.7207613168724283
pat_20,59,6.374142661179698,-0.012119341563785524
